file,path,characters,words_approx,tokens,exceeds_2048,exceeds_safe_limit
page_0001.md,E:\Project RAG-SN-IN\data\processed\text\drr-2025\page_0001.md,161,24,58,False,False
page_0002.md,E:\Project RAG-SN-IN\data\processed\text\drr-2025\page_0002.md,742,106,232,False,False
page_0003.md,E:\Project RAG-SN-IN\data\processed\text\drr-2025\page_0003.md,310,39,108,False,False
page_0004.md,E:\Project RAG-SN-IN\data\processed\text\drr-2025\page_0004.md,37,4,13,False,False
page_0009.md,E:\Project RAG-SN-IN\data\processed\text\drr-2025\page_0009.md,100,16,41,False,False
page_0010.md,E:\Project RAG-SN-IN\data\processed\text\drr-2025\page_0010.md,61,7,14,False,False
page_0012.md,E:\Project RAG-SN-IN\data\processed\text\drr-2025\page_0012.md,286,37,77,False,False
page_0014.md,E:\Project RAG-SN-IN\data\processed\text\drr-2025\page_0014.md,109,15,28,False,False
page_0015.md,E:\Project RAG-SN-IN\data\processed\text\drr-2025\page_0015.md,3140,453,840,False,False
page_0016.md,E:\Project RAG-SN-IN\data\processed\text\drr-2025\page_0016.md,3132,409,802,False,False
page_0017.md,E:\Project RAG-SN-IN\data\processed\text\drr-2025\page_0017.md,2673,374,894,False,False
page_0018.md,E:\Project RAG-SN-IN\data\processed\text\drr-2025\page_0018.md,2989,433,722,False,False
page_0019.md,E:\Project RAG-SN-IN\data\processed\text\drr-2025\page_0019.md,3977,583,1086,False,False
page_0020.md,E:\Project RAG-SN-IN\data\processed\text\drr-2025\page_0020.md,2882,425,859,False,False
page_0021.md,E:\Project RAG-SN-IN\data\processed\text\drr-2025\page_0021.md,2758,387,775,False,False
page_0022.md,E:\Project RAG-SN-IN\data\processed\text\drr-2025\page_0022.md,3440,469,935,False,False
page_0023.md,E:\Project RAG-SN-IN\data\processed\text\drr-2025\page_0023.md,55,7,20,False,False
page_0024.md,E:\Project RAG-SN-IN\data\processed\text\drr-2025\page_0024.md,342,44,117,False,False
page_0025.md,E:\Project RAG-SN-IN\data\processed\text\drr-2025\page_0025.md,991,135,295,False,False
page_0026.md,E:\Project RAG-SN-IN\data\processed\text\drr-2025\page_0026.md,1105,153,270,False,False
page_0027.md,E:\Project RAG-SN-IN\data\processed\text\drr-2025\page_0027.md,1945,274,467,False,False
page_0028.md,E:\Project RAG-SN-IN\data\processed\text\drr-2025\page_0028.md,3204,419,927,False,False
page_0029.md,E:\Project RAG-SN-IN\data\processed\text\drr-2025\page_0029.md,1861,269,497,False,False
page_0030.md,E:\Project RAG-SN-IN\data\processed\text\drr-2025\page_0030.md,2879,404,766,False,False
page_0031.md,E:\Project RAG-SN-IN\data\processed\text\drr-2025\page_0031.md,3717,536,956,False,False
page_0032.md,E:\Project RAG-SN-IN\data\processed\text\drr-2025\page_0032.md,2969,406,789,False,False
page_0033.md,E:\Project RAG-SN-IN\data\processed\text\drr-2025\page_0033.md,3442,475,866,False,False
page_0034.md,E:\Project RAG-SN-IN\data\processed\text\drr-2025\page_0034.md,2760,372,760,False,False
page_0035.md,E:\Project RAG-SN-IN\data\processed\text\drr-2025\page_0035.md,3365,487,1000,False,False
page_0036.md,E:\Project RAG-SN-IN\data\processed\text\drr-2025\page_0036.md,2214,325,600,False,False
page_0037.md,E:\Project RAG-SN-IN\data\processed\text\drr-2025\page_0037.md,3654,533,946,False,False
page_0038.md,E:\Project RAG-SN-IN\data\processed\text\drr-2025\page_0038.md,3385,510,925,False,False
page_0039.md,E:\Project RAG-SN-IN\data\processed\text\drr-2025\page_0039.md,3777,557,1003,False,False
page_0040.md,E:\Project RAG-SN-IN\data\processed\text\drr-2025\page_0040.md,3031,458,810,False,False
page_0041.md,E:\Project RAG-SN-IN\data\processed\text\drr-2025\page_0041.md,2947,435,792,False,False
page_0042.md,E:\Project RAG-SN-IN\data\processed\text\drr-2025\page_0042.md,4101,607,1078,False,False
page_0043.md,E:\Project RAG-SN-IN\data\processed\text\drr-2025\page_0043.md,3068,468,842,False,False
page_0044.md,E:\Project RAG-SN-IN\data\processed\text\drr-2025\page_0044.md,3521,515,910,False,False
page_0045.md,E:\Project RAG-SN-IN\data\processed\text\drr-2025\page_0045.md,3521,527,928,False,False
page_0046.md,E:\Project RAG-SN-IN\data\processed\text\drr-2025\page_0046.md,2932,420,835,False,False
page_0047.md,E:\Project RAG-SN-IN\data\processed\text\drr-2025\page_0047.md,3106,477,852,False,False
page_0048.md,E:\Project RAG-SN-IN\data\processed\text\drr-2025\page_0048.md,3371,496,968,False,False
page_0049.md,E:\Project RAG-SN-IN\data\processed\text\drr-2025\page_0049.md,3405,523,966,False,False
page_0050.md,E:\Project RAG-SN-IN\data\processed\text\drr-2025\page_0050.md,3340,521,1000,False,False
page_0051.md,E:\Project RAG-SN-IN\data\processed\text\drr-2025\page_0051.md,808,119,226,False,False
page_0052.md,E:\Project RAG-SN-IN\data\processed\text\drr-2025\page_0052.md,2725,389,693,False,False
page_0053.md,E:\Project RAG-SN-IN\data\processed\text\drr-2025\page_0053.md,3312,445,918,False,False
page_0054.md,E:\Project RAG-SN-IN\data\processed\text\drr-2025\page_0054.md,3439,496,1001,False,False
page_0055.md,E:\Project RAG-SN-IN\data\processed\text\drr-2025\page_0055.md,3346,484,927,False,False
page_0056.md,E:\Project RAG-SN-IN\data\processed\text\drr-2025\page_0056.md,3430,486,1033,False,False
page_0057.md,E:\Project RAG-SN-IN\data\processed\text\drr-2025\page_0057.md,4584,681,1287,False,False
page_0058.md,E:\Project RAG-SN-IN\data\processed\text\drr-2025\page_0058.md,3745,547,985,False,False
page_0059.md,E:\Project RAG-SN-IN\data\processed\text\drr-2025\page_0059.md,3202,467,885,False,False
page_0060.md,E:\Project RAG-SN-IN\data\processed\text\drr-2025\page_0060.md,3300,477,849,False,False
page_0061.md,E:\Project RAG-SN-IN\data\processed\text\drr-2025\page_0061.md,3120,443,854,False,False
page_0062.md,E:\Project RAG-SN-IN\data\processed\text\drr-2025\page_0062.md,3908,552,1133,False,False
page_0063.md,E:\Project RAG-SN-IN\data\processed\text\drr-2025\page_0063.md,3026,425,879,False,False
page_0064.md,E:\Project RAG-SN-IN\data\processed\text\drr-2025\page_0064.md,3582,522,933,False,False
page_0065.md,E:\Project RAG-SN-IN\data\processed\text\drr-2025\page_0065.md,3473,481,879,False,False
page_0066.md,E:\Project RAG-SN-IN\data\processed\text\drr-2025\page_0066.md,3801,518,1035,False,False
page_0067.md,E:\Project RAG-SN-IN\data\processed\text\drr-2025\page_0067.md,4195,601,1110,False,False
page_0068.md,E:\Project RAG-SN-IN\data\processed\text\drr-2025\page_0068.md,3544,488,946,False,False
page_0069.md,E:\Project RAG-SN-IN\data\processed\text\drr-2025\page_0069.md,692,92,201,False,False
page_0070.md,E:\Project RAG-SN-IN\data\processed\text\drr-2025\page_0070.md,2778,429,772,False,False
page_0071.md,E:\Project RAG-SN-IN\data\processed\text\drr-2025\page_0071.md,3641,537,983,False,False
page_0072.md,E:\Project RAG-SN-IN\data\processed\text\drr-2025\page_0072.md,3371,462,885,False,False
page_0073.md,E:\Project RAG-SN-IN\data\processed\text\drr-2025\page_0073.md,3160,445,803,False,False
page_0074.md,E:\Project RAG-SN-IN\data\processed\text\drr-2025\page_0074.md,3499,514,865,False,False
page_0075.md,E:\Project RAG-SN-IN\data\processed\text\drr-2025\page_0075.md,1537,228,466,False,False
page_0076.md,E:\Project RAG-SN-IN\data\processed\text\drr-2025\page_0076.md,2469,343,681,False,False
page_0077.md,E:\Project RAG-SN-IN\data\processed\text\drr-2025\page_0077.md,1423,199,364,False,False
page_0078.md,E:\Project RAG-SN-IN\data\processed\text\drr-2025\page_0078.md,2831,403,810,False,False
page_0079.md,E:\Project RAG-SN-IN\data\processed\text\drr-2025\page_0079.md,2921,440,807,False,False
page_0080.md,E:\Project RAG-SN-IN\data\processed\text\drr-2025\page_0080.md,3146,445,810,False,False
page_0081.md,E:\Project RAG-SN-IN\data\processed\text\drr-2025\page_0081.md,3386,521,866,False,False
page_0082.md,E:\Project RAG-SN-IN\data\processed\text\drr-2025\page_0082.md,3931,541,1061,False,False
page_0083.md,E:\Project RAG-SN-IN\data\processed\text\drr-2025\page_0083.md,3437,498,907,False,False
page_0084.md,E:\Project RAG-SN-IN\data\processed\text\drr-2025\page_0084.md,3358,514,864,False,False
page_0085.md,E:\Project RAG-SN-IN\data\processed\text\drr-2025\page_0085.md,3261,472,919,False,False
page_0086.md,E:\Project RAG-SN-IN\data\processed\text\drr-2025\page_0086.md,4210,621,1165,False,False
page_0087.md,E:\Project RAG-SN-IN\data\processed\text\drr-2025\page_0087.md,3472,519,896,False,False
page_0088.md,E:\Project RAG-SN-IN\data\processed\text\drr-2025\page_0088.md,3435,517,931,False,False
page_0089.md,E:\Project RAG-SN-IN\data\processed\text\drr-2025\page_0089.md,3897,593,1083,False,False
page_0090.md,E:\Project RAG-SN-IN\data\processed\text\drr-2025\page_0090.md,3590,539,941,False,False
page_0091.md,E:\Project RAG-SN-IN\data\processed\text\drr-2025\page_0091.md,2258,315,654,False,False
page_0092.md,E:\Project RAG-SN-IN\data\processed\text\drr-2025\page_0092.md,1211,190,297,False,False
page_0093.md,E:\Project RAG-SN-IN\data\processed\text\drr-2025\page_0093.md,792,122,216,False,False
page_0094.md,E:\Project RAG-SN-IN\data\processed\text\drr-2025\page_0094.md,1633,254,464,False,False
page_0095.md,E:\Project RAG-SN-IN\data\processed\text\drr-2025\page_0095.md,3311,500,873,False,False
page_0096.md,E:\Project RAG-SN-IN\data\processed\text\drr-2025\page_0096.md,1605,251,450,False,False
page_0097.md,E:\Project RAG-SN-IN\data\processed\text\drr-2025\page_0097.md,588,89,138,False,False
page_0098.md,E:\Project RAG-SN-IN\data\processed\text\drr-2025\page_0098.md,3717,504,1065,False,False
page_0099.md,E:\Project RAG-SN-IN\data\processed\text\drr-2025\page_0099.md,2844,444,716,False,False
page_0100.md,E:\Project RAG-SN-IN\data\processed\text\drr-2025\page_0100.md,3616,531,984,False,False
page_0101.md,E:\Project RAG-SN-IN\data\processed\text\drr-2025\page_0101.md,3239,478,821,False,False
page_0102.md,E:\Project RAG-SN-IN\data\processed\text\drr-2025\page_0102.md,2803,417,723,False,False
page_0103.md,E:\Project RAG-SN-IN\data\processed\text\drr-2025\page_0103.md,3212,457,866,False,False
page_0104.md,E:\Project RAG-SN-IN\data\processed\text\drr-2025\page_0104.md,3111,440,869,False,False
page_0105.md,E:\Project RAG-SN-IN\data\processed\text\drr-2025\page_0105.md,2440,377,622,False,False
page_0106.md,E:\Project RAG-SN-IN\data\processed\text\drr-2025\page_0106.md,3843,565,995,False,False
page_0107.md,E:\Project RAG-SN-IN\data\processed\text\drr-2025\page_0107.md,3538,504,948,False,False
page_0108.md,E:\Project RAG-SN-IN\data\processed\text\drr-2025\page_0108.md,1119,155,345,False,False
page_0109.md,E:\Project RAG-SN-IN\data\processed\text\drr-2025\page_0109.md,1328,199,350,False,False
page_0110.md,E:\Project RAG-SN-IN\data\processed\text\drr-2025\page_0110.md,2303,368,647,False,False
page_0111.md,E:\Project RAG-SN-IN\data\processed\text\drr-2025\page_0111.md,2996,425,834,False,False
page_0112.md,E:\Project RAG-SN-IN\data\processed\text\drr-2025\page_0112.md,3124,459,809,False,False
page_0113.md,E:\Project RAG-SN-IN\data\processed\text\drr-2025\page_0113.md,3114,438,845,False,False
page_0114.md,E:\Project RAG-SN-IN\data\processed\text\drr-2025\page_0114.md,3466,499,926,False,False
page_0115.md,E:\Project RAG-SN-IN\data\processed\text\drr-2025\page_0115.md,3387,500,868,False,False
page_0116.md,E:\Project RAG-SN-IN\data\processed\text\drr-2025\page_0116.md,3567,522,858,False,False
page_0117.md,E:\Project RAG-SN-IN\data\processed\text\drr-2025\page_0117.md,4225,608,1100,False,False
page_0118.md,E:\Project RAG-SN-IN\data\processed\text\drr-2025\page_0118.md,3145,433,913,False,False
page_0119.md,E:\Project RAG-SN-IN\data\processed\text\drr-2025\page_0119.md,1634,224,436,False,False
page_0120.md,E:\Project RAG-SN-IN\data\processed\text\drr-2025\page_0120.md,274,39,70,False,False
page_0121.md,E:\Project RAG-SN-IN\data\processed\text\drr-2025\page_0121.md,1742,248,513,False,False
page_0122.md,E:\Project RAG-SN-IN\data\processed\text\drr-2025\page_0122.md,948,137,309,False,False
page_0123.md,E:\Project RAG-SN-IN\data\processed\text\drr-2025\page_0123.md,4132,603,1131,False,False
page_0124.md,E:\Project RAG-SN-IN\data\processed\text\drr-2025\page_0124.md,3053,422,940,False,False
page_0125.md,E:\Project RAG-SN-IN\data\processed\text\drr-2025\page_0125.md,3666,505,946,False,False
page_0126.md,E:\Project RAG-SN-IN\data\processed\text\drr-2025\page_0126.md,3568,508,898,False,False
page_0127.md,E:\Project RAG-SN-IN\data\processed\text\drr-2025\page_0127.md,4631,675,1242,False,False
page_0128.md,E:\Project RAG-SN-IN\data\processed\text\drr-2025\page_0128.md,3712,549,954,False,False
page_0129.md,E:\Project RAG-SN-IN\data\processed\text\drr-2025\page_0129.md,3272,463,919,False,False
page_0130.md,E:\Project RAG-SN-IN\data\processed\text\drr-2025\page_0130.md,3234,468,838,False,False
page_0131.md,E:\Project RAG-SN-IN\data\processed\text\drr-2025\page_0131.md,3071,430,845,False,False
page_0132.md,E:\Project RAG-SN-IN\data\processed\text\drr-2025\page_0132.md,2941,434,846,False,False
page_0133.md,E:\Project RAG-SN-IN\data\processed\text\drr-2025\page_0133.md,1770,247,465,False,False
page_0134.md,E:\Project RAG-SN-IN\data\processed\text\drr-2025\page_0134.md,3515,512,973,False,False
page_0135.md,E:\Project RAG-SN-IN\data\processed\text\drr-2025\page_0135.md,3646,578,1028,False,False
page_0136.md,E:\Project RAG-SN-IN\data\processed\text\drr-2025\page_0136.md,3446,542,989,False,False
page_0137.md,E:\Project RAG-SN-IN\data\processed\text\drr-2025\page_0137.md,2111,314,570,False,False
page_0138.md,E:\Project RAG-SN-IN\data\processed\text\drr-2025\page_0138.md,2195,333,593,False,False
page_0139.md,E:\Project RAG-SN-IN\data\processed\text\drr-2025\page_0139.md,1562,235,424,False,False
page_0140.md,E:\Project RAG-SN-IN\data\processed\text\drr-2025\page_0140.md,3615,557,985,False,False
page_0141.md,E:\Project RAG-SN-IN\data\processed\text\drr-2025\page_0141.md,2224,335,633,False,False
page_0142.md,E:\Project RAG-SN-IN\data\processed\text\drr-2025\page_0142.md,3408,486,1022,False,False
page_0143.md,E:\Project RAG-SN-IN\data\processed\text\drr-2025\page_0143.md,3432,526,1006,False,False
page_0144.md,E:\Project RAG-SN-IN\data\processed\text\drr-2025\page_0144.md,3885,601,1088,False,False
page_0145.md,E:\Project RAG-SN-IN\data\processed\text\drr-2025\page_0145.md,3137,446,861,False,False
page_0146.md,E:\Project RAG-SN-IN\data\processed\text\drr-2025\page_0146.md,3212,476,970,False,False
page_0147.md,E:\Project RAG-SN-IN\data\processed\text\drr-2025\page_0147.md,1682,240,463,False,False
page_0148.md,E:\Project RAG-SN-IN\data\processed\text\drr-2025\page_0148.md,2977,438,826,False,False
page_0149.md,E:\Project RAG-SN-IN\data\processed\text\drr-2025\page_0149.md,3344,473,952,False,False
page_0150.md,E:\Project RAG-SN-IN\data\processed\text\drr-2025\page_0150.md,2118,330,743,False,False
page_0151.md,E:\Project RAG-SN-IN\data\processed\text\drr-2025\page_0151.md,2105,329,608,False,False
page_0152.md,E:\Project RAG-SN-IN\data\processed\text\drr-2025\page_0152.md,3552,565,1018,False,False
page_0153.md,E:\Project RAG-SN-IN\data\processed\text\drr-2025\page_0153.md,3375,529,969,False,False
page_0154.md,E:\Project RAG-SN-IN\data\processed\text\drr-2025\page_0154.md,3447,509,871,False,False
page_0155.md,E:\Project RAG-SN-IN\data\processed\text\drr-2025\page_0155.md,2943,465,801,False,False
page_0156.md,E:\Project RAG-SN-IN\data\processed\text\drr-2025\page_0156.md,4003,600,1129,False,False
page_0157.md,E:\Project RAG-SN-IN\data\processed\text\drr-2025\page_0157.md,3548,555,1003,False,False
page_0158.md,E:\Project RAG-SN-IN\data\processed\text\drr-2025\page_0158.md,2232,371,614,False,False
page_0159.md,E:\Project RAG-SN-IN\data\processed\text\drr-2025\page_0159.md,3574,623,1250,False,False
page_0160.md,E:\Project RAG-SN-IN\data\processed\text\drr-2025\page_0160.md,1369,202,418,False,False
page_0161.md,E:\Project RAG-SN-IN\data\processed\text\drr-2025\page_0161.md,196,30,59,False,False
page_0162.md,E:\Project RAG-SN-IN\data\processed\text\drr-2025\page_0162.md,690,106,189,False,False
page_0163.md,E:\Project RAG-SN-IN\data\processed\text\drr-2025\page_0163.md,922,128,239,False,False
page_0164.md,E:\Project RAG-SN-IN\data\processed\text\drr-2025\page_0164.md,3939,625,1084,False,False
page_0165.md,E:\Project RAG-SN-IN\data\processed\text\drr-2025\page_0165.md,3113,492,846,False,False
page_0166.md,E:\Project RAG-SN-IN\data\processed\text\drr-2025\page_0166.md,3660,567,1016,False,False
page_0167.md,E:\Project RAG-SN-IN\data\processed\text\drr-2025\page_0167.md,3306,533,908,False,False
page_0168.md,E:\Project RAG-SN-IN\data\processed\text\drr-2025\page_0168.md,4189,655,1169,False,False
page_0169.md,E:\Project RAG-SN-IN\data\processed\text\drr-2025\page_0169.md,2976,436,865,False,False
page_0170.md,E:\Project RAG-SN-IN\data\processed\text\drr-2025\page_0170.md,2915,412,832,False,False
page_0171.md,E:\Project RAG-SN-IN\data\processed\text\drr-2025\page_0171.md,173,20,54,False,False
page_0172.md,E:\Project RAG-SN-IN\data\processed\text\drr-2025\page_0172.md,3972,586,1005,False,False
page_0173.md,E:\Project RAG-SN-IN\data\processed\text\drr-2025\page_0173.md,3233,455,901,False,False
page_0174.md,E:\Project RAG-SN-IN\data\processed\text\drr-2025\page_0174.md,4059,583,1103,False,False
page_0175.md,E:\Project RAG-SN-IN\data\processed\text\drr-2025\page_0175.md,3373,478,817,False,False
page_0176.md,E:\Project RAG-SN-IN\data\processed\text\drr-2025\page_0176.md,3412,531,907,False,False
page_0177.md,E:\Project RAG-SN-IN\data\processed\text\drr-2025\page_0177.md,3251,498,819,False,False
page_0178.md,E:\Project RAG-SN-IN\data\processed\text\drr-2025\page_0178.md,2719,392,733,False,False
page_0179.md,E:\Project RAG-SN-IN\data\processed\text\drr-2025\page_0179.md,3603,528,945,False,False
page_0180.md,E:\Project RAG-SN-IN\data\processed\text\drr-2025\page_0180.md,3725,555,1003,False,False
page_0181.md,E:\Project RAG-SN-IN\data\processed\text\drr-2025\page_0181.md,3176,509,874,False,False
page_0182.md,E:\Project RAG-SN-IN\data\processed\text\drr-2025\page_0182.md,3991,621,1104,False,False
page_0183.md,E:\Project RAG-SN-IN\data\processed\text\drr-2025\page_0183.md,3215,472,815,False,False
page_0184.md,E:\Project RAG-SN-IN\data\processed\text\drr-2025\page_0184.md,3197,492,836,False,False
page_0185.md,E:\Project RAG-SN-IN\data\processed\text\drr-2025\page_0185.md,3669,531,960,False,False
page_0186.md,E:\Project RAG-SN-IN\data\processed\text\drr-2025\page_0186.md,4079,620,1041,False,False
page_0187.md,E:\Project RAG-SN-IN\data\processed\text\drr-2025\page_0187.md,3535,519,931,False,False
page_0188.md,E:\Project RAG-SN-IN\data\processed\text\drr-2025\page_0188.md,3595,537,952,False,False
page_0189.md,E:\Project RAG-SN-IN\data\processed\text\drr-2025\page_0189.md,2382,335,650,False,False
page_0190.md,E:\Project RAG-SN-IN\data\processed\text\drr-2025\page_0190.md,2875,446,789,False,False
page_0191.md,E:\Project RAG-SN-IN\data\processed\text\drr-2025\page_0191.md,3700,570,873,False,False
page_0192.md,E:\Project RAG-SN-IN\data\processed\text\drr-2025\page_0192.md,3424,527,884,False,False
page_0193.md,E:\Project RAG-SN-IN\data\processed\text\drr-2025\page_0193.md,3040,439,896,False,False
page_0194.md,E:\Project RAG-SN-IN\data\processed\text\drr-2025\page_0194.md,3337,486,879,False,False
page_0195.md,E:\Project RAG-SN-IN\data\processed\text\drr-2025\page_0195.md,3236,479,928,False,False
page_0196.md,E:\Project RAG-SN-IN\data\processed\text\drr-2025\page_0196.md,3906,557,1162,False,False
page_0197.md,E:\Project RAG-SN-IN\data\processed\text\drr-2025\page_0197.md,2997,442,852,False,False
page_0198.md,E:\Project RAG-SN-IN\data\processed\text\drr-2025\page_0198.md,2706,381,806,False,False
page_0199.md,E:\Project RAG-SN-IN\data\processed\text\drr-2025\page_0199.md,2577,359,770,False,False
page_0200.md,E:\Project RAG-SN-IN\data\processed\text\drr-2025\page_0200.md,3083,442,821,False,False
page_0201.md,E:\Project RAG-SN-IN\data\processed\text\drr-2025\page_0201.md,700,98,233,False,False
page_0202.md,E:\Project RAG-SN-IN\data\processed\text\drr-2025\page_0202.md,2229,316,631,False,False
page_0203.md,E:\Project RAG-SN-IN\data\processed\text\drr-2025\page_0203.md,3254,433,886,False,False
page_0204.md,E:\Project RAG-SN-IN\data\processed\text\drr-2025\page_0204.md,2863,380,765,False,False
page_0205.md,E:\Project RAG-SN-IN\data\processed\text\drr-2025\page_0205.md,2970,430,755,False,False
page_0206.md,E:\Project RAG-SN-IN\data\processed\text\drr-2025\page_0206.md,1733,242,522,False,False
page_0207.md,E:\Project RAG-SN-IN\data\processed\text\drr-2025\page_0207.md,2675,362,770,False,False
page_0208.md,E:\Project RAG-SN-IN\data\processed\text\drr-2025\page_0208.md,3365,494,833,False,False
page_0209.md,E:\Project RAG-SN-IN\data\processed\text\drr-2025\page_0209.md,4049,583,980,False,False
page_0210.md,E:\Project RAG-SN-IN\data\processed\text\drr-2025\page_0210.md,2898,405,769,False,False
page_0211.md,E:\Project RAG-SN-IN\data\processed\text\drr-2025\page_0211.md,3358,473,860,False,False
page_0212.md,E:\Project RAG-SN-IN\data\processed\text\drr-2025\page_0212.md,3140,466,831,False,False
page_0213.md,E:\Project RAG-SN-IN\data\processed\text\drr-2025\page_0213.md,2831,427,758,False,False
page_0214.md,E:\Project RAG-SN-IN\data\processed\text\drr-2025\page_0214.md,3568,516,948,False,False
page_0215.md,E:\Project RAG-SN-IN\data\processed\text\drr-2025\page_0215.md,3043,444,843,False,False
page_0216.md,E:\Project RAG-SN-IN\data\processed\text\drr-2025\page_0216.md,3302,511,869,False,False
page_0217.md,E:\Project RAG-SN-IN\data\processed\text\drr-2025\page_0217.md,3795,553,1048,False,False
page_0218.md,E:\Project RAG-SN-IN\data\processed\text\drr-2025\page_0218.md,2595,380,690,False,False
page_0219.md,E:\Project RAG-SN-IN\data\processed\text\drr-2025\page_0219.md,925,139,236,False,False
page_0220.md,E:\Project RAG-SN-IN\data\processed\text\drr-2025\page_0220.md,3096,431,793,False,False
page_0221.md,E:\Project RAG-SN-IN\data\processed\text\drr-2025\page_0221.md,3131,475,789,False,False
page_0222.md,E:\Project RAG-SN-IN\data\processed\text\drr-2025\page_0222.md,2218,322,593,False,False
page_0223.md,E:\Project RAG-SN-IN\data\processed\text\drr-2025\page_0223.md,3032,474,742,False,False
page_0224.md,E:\Project RAG-SN-IN\data\processed\text\drr-2025\page_0224.md,3407,497,913,False,False
page_0225.md,E:\Project RAG-SN-IN\data\processed\text\drr-2025\page_0225.md,3055,452,846,False,False
page_0226.md,E:\Project RAG-SN-IN\data\processed\text\drr-2025\page_0226.md,3881,527,1014,False,False
page_0227.md,E:\Project RAG-SN-IN\data\processed\text\drr-2025\page_0227.md,3600,485,944,False,False
page_0228.md,E:\Project RAG-SN-IN\data\processed\text\drr-2025\page_0228.md,2906,423,746,False,False
page_0229.md,E:\Project RAG-SN-IN\data\processed\text\drr-2025\page_0229.md,3303,485,876,False,False
page_0230.md,E:\Project RAG-SN-IN\data\processed\text\drr-2025\page_0230.md,3820,591,1009,False,False
page_0231.md,E:\Project RAG-SN-IN\data\processed\text\drr-2025\page_0231.md,1096,159,271,False,False
